{
  "train_loss": [
    1.9176030670838264,
    1.485486725899818,
    1.346493744165312,
    1.2679142214998496,
    1.2059749280451988,
    1.158728144716507,
    1.1232935590124407,
    1.090780705761368,
    1.0709327818963934,
    1.0445576159766103,
    1.0264792404044336,
    0.9956119833939234,
    0.9784020050574826,
    0.9642955165090719,
    0.9454207150613655,
    0.9253605271836137,
    0.9115518251946501,
    0.9029724822719805,
    0.8932863140771993,
    0.8750884821522438,
    0.8632115671992341,
    0.8451513086116945,
    0.8340299469303454,
    0.824321723691578,
    0.8045887616260068,
    0.7997132229662643,
    0.786148763214055,
    0.7749542280310754,
    0.7605946139401359,
    0.7492717502343683,
    0.7408902658533407,
    0.7335177352872185,
    0.7225150827359237,
    0.7136820505275235,
    0.7030015875588048,
    0.6956641889079144,
    0.6884884436747782,
    0.6769227604004981,
    0.6711595022433466,
    0.663768566765529,
    0.6551263488559078,
    0.6543711098039287,
    0.6484643286331815,
    0.6368563883278031,
    0.6339700324434157,
    0.6365802580698505,
    0.6320841659595485,
    0.6295897018662304,
    0.6307176238256104,
    0.6299811897560401
  ],
  "val_acc": [
    0.48965800574884655,
    0.4840295856651551,
    0.6076079038169404,
    0.600509235990716,
    0.5893224210663037,
    0.5610570705730211,
    0.6262134414583322,
    0.6208687930245822,
    0.597182613409834,
    0.6694937005517312,
    0.6560043822248827,
    0.6471516950061837,
    0.6735092811682921,
    0.6398418220116445,
    0.6439069567820013,
    0.6812196816110323,
    0.6831360579176526,
    0.6849428786022058,
    0.6899549071318452,
    0.6967651443705916,
    0.6733145940512426,
    0.6999624461398585,
    0.6977418270941218,
    0.6751749219275013,
    0.6963480988711254,
    0.7074749123272663,
    0.7077863552425754,
    0.7210235262227593,
    0.7052542932815298,
    0.7292770458382982,
    0.7230006098972774,
    0.7308205659620848,
    0.7262137238181829,
    0.7261569694881945,
    0.7314402046544197,
    0.7301599850913999,
    0.7267403249397162,
    0.7349733734660802,
    0.7362740641182749,
    0.7396613940670549,
    0.7398111859678449,
    0.7418087407315379,
    0.742477227678042,
    0.7380446015620148,
    0.7409416136300747,
    0.742327435777252,
    0.7405080500793431,
    0.7422746344851733,
    0.7445678200125367,
    0.7413791302187159
  ],
  "lr": [
    0.0019980267284282717,
    0.001992114701314478,
    0.001982287250728689,
    0.001968583161128631,
    0.0019510565162951538,
    0.0019297764858882515,
    0.0019048270524660198,
    0.0018763066800438636,
    0.001844327925502015,
    0.0018090169943749473,
    0.001770513242775789,
    0.0017289686274214113,
    0.0016845471059286886,
    0.0016374239897486895,
    0.0015877852522924731,
    0.0015358267949789964,
    0.0014817536741017151,
    0.0014257792915650725,
    0.0013681245526846778,
    0.001309016994374947,
    0.0012486898871648543,
    0.0011873813145857244,
    0.001125333233564304,
    0.001062790519529313,
    0.0009999999999999996,
    0.0009372094804706863,
    0.0008746667664356955,
    0.0008126186854142751,
    0.0007513101128351449,
    0.0006909830056250527,
    0.0006318754473153221,
    0.0005742207084349271,
    0.0005182463258982844,
    0.0004641732050210029,
    0.00041221474770752675,
    0.00036257601025131003,
    0.0003154528940713111,
    0.0002710313725785885,
    0.0002294867572242107,
    0.00019098300562505252,
    0.00015567207449798505,
    0.00012369331995613634,
    9.517294753398059e-05,
    7.022351411174861e-05,
    4.8943483704846436e-05,
    3.1416838871369015e-05,
    1.7712749271311268e-05,
    7.88529868552223e-06,
    1.9732715717284396e-06,
    0.0
  ],
  "modelnet_acc": [
    0.5388978930307942,
    0.5182333873581848,
    0.6782820097244733,
    0.6689627228525121,
    0.6559967585089141,
    0.6106158833063209,
    0.700162074554295,
    0.68354943273906,
    0.6612641815235009,
    0.743517017828201,
    0.700162074554295,
    0.6981361426256077,
    0.7560777957860616,
    0.6758508914100486,
    0.7115072933549432,
    0.7641815235008104,
    0.7641815235008104,
    0.7601296596434359,
    0.7670178282009724,
    0.7572933549432739,
    0.7508103727714749,
    0.773095623987034,
    0.763776337115073,
    0.7674230145867099,
    0.763776337115073,
    0.7957860615883307,
    0.7828200972447326,
    0.8026742301458671,
    0.7864667747163695,
    0.8160453808752026,
    0.8010534846029174,
    0.8132090761750406,
    0.807131280388979,
    0.8063209076175041,
    0.807131280388979,
    0.8087520259319287,
    0.8047001620745543,
    0.8128038897893031,
    0.81645056726094,
    0.8225283630470016,
    0.8196920583468396,
    0.8233387358184765,
    0.8229335494327391,
    0.8168557536466775,
    0.8209076175040518,
    0.8257698541329012,
    0.8196920583468396,
    0.8225283630470016,
    0.8229335494327391,
    0.8196920583468396
  ],
  "scanobjectnn_acc": [
    0.44041811846689893,
    0.4498257839721254,
    0.5369337979094077,
    0.5320557491289198,
    0.5226480836236934,
    0.5114982578397212,
    0.5522648083623694,
    0.5581881533101045,
    0.5331010452961672,
    0.5954703832752614,
    0.6118466898954704,
    0.5961672473867596,
    0.5909407665505226,
    0.6038327526132404,
    0.5763066202090592,
    0.5982578397212543,
    0.6020905923344948,
    0.6097560975609756,
    0.6128919860627178,
    0.6362369337979094,
    0.5958188153310104,
    0.6268292682926829,
    0.6317073170731707,
    0.5829268292682926,
    0.6289198606271778,
    0.6191637630662021,
    0.6327526132404181,
    0.6393728222996515,
    0.6240418118466899,
    0.6425087108013937,
    0.6449477351916376,
    0.6484320557491289,
    0.6452961672473868,
    0.645993031358885,
    0.6557491289198606,
    0.6515679442508711,
    0.6487804878048781,
    0.6571428571428571,
    0.6560975609756098,
    0.6567944250871081,
    0.6599303135888501,
    0.6602787456445993,
    0.662020905923345,
    0.659233449477352,
    0.6609756097560976,
    0.6588850174216028,
    0.6613240418118467,
    0.662020905923345,
    0.6662020905923345,
    0.6630662020905923
  ]
}