{
  "train_loss": [
    2.082042410620027,
    1.4304139275964072,
    1.2562647264601798,
    1.1319578280478464,
    1.0680266904913287,
    1.0108552681931051,
    0.981527174111366,
    0.94427400355076,
    0.9140781133407186,
    0.8969165760364085,
    0.8741070067423529,
    0.8536217541371518,
    0.8288045245421728,
    0.816244815206862,
    0.8015122133687806,
    0.7863997177998734,
    0.7687973106196895,
    0.7485776560633306,
    0.7415123402157971,
    0.730629834014081,
    0.7146030696114425,
    0.7128753069090695,
    0.69123590684671,
    0.6853206582359094,
    0.6639912394589311,
    0.6597815939629936,
    0.6480766399161283,
    0.653476714221949,
    0.6345040740962437,
    0.6180385276274045,
    0.6185461264079051,
    0.6116481409813589,
    0.5985978917778598,
    0.5950893299203935,
    0.5827754367073655,
    0.5732976262203431,
    0.5642035759211095,
    0.5660416381540524,
    0.5638363282212782,
    0.5582880102575618,
    0.5536571908569985,
    0.5470279485947062,
    0.5384412625571594,
    0.547789754899527,
    0.5374868552301831,
    0.5358784543654062,
    0.5288078808983107,
    0.5314306927250493,
    0.5321449366003883,
    0.528870400305893
  ],
  "val_acc": [
    0.4307131280388979,
    0.5020259319286872,
    0.5158022690437601,
    0.5235008103727715,
    0.6126418152350082,
    0.6422204213938412,
    0.6458670988654781,
    0.6414100486223663,
    0.6628849270664505,
    0.6438411669367909,
    0.666936790923825,
    0.6450567260940032,
    0.6620745542949756,
    0.6580226904376013,
    0.7143435980551054,
    0.7025931928687196,
    0.7115072933549432,
    0.7264991896272285,
    0.7183954619124797,
    0.7192058346839546,
    0.7508103727714749,
    0.7605348460291734,
    0.7479740680713128,
    0.7601296596434359,
    0.7495948136142626,
    0.7427066450567261,
    0.7354132901134521,
    0.7467585089141004,
    0.773095623987034,
    0.7512155591572123,
    0.7706645056726094,
    0.776742301458671,
    0.7856564019448946,
    0.779578606158833,
    0.7832252836304701,
    0.7880875202593193,
    0.7836304700162074,
    0.7986223662884927,
    0.7909238249594813,
    0.7986223662884927,
    0.7982171799027553,
    0.8014586709886548,
    0.8075364667747164,
    0.7994327390599676,
    0.8022690437601296,
    0.8042949756888168,
    0.8042949756888168,
    0.8026742301458671,
    0.8063209076175041,
    0.8063209076175041
  ],
  "lr": [
    0.0019980267284282717,
    0.001992114701314478,
    0.001982287250728689,
    0.001968583161128631,
    0.0019510565162951538,
    0.0019297764858882515,
    0.0019048270524660198,
    0.0018763066800438636,
    0.001844327925502015,
    0.0018090169943749473,
    0.001770513242775789,
    0.0017289686274214113,
    0.0016845471059286886,
    0.0016374239897486895,
    0.0015877852522924731,
    0.0015358267949789964,
    0.0014817536741017151,
    0.0014257792915650725,
    0.0013681245526846778,
    0.001309016994374947,
    0.0012486898871648543,
    0.0011873813145857244,
    0.001125333233564304,
    0.001062790519529313,
    0.0009999999999999996,
    0.0009372094804706863,
    0.0008746667664356955,
    0.0008126186854142751,
    0.0007513101128351449,
    0.0006909830056250527,
    0.0006318754473153221,
    0.0005742207084349271,
    0.0005182463258982844,
    0.0004641732050210029,
    0.00041221474770752675,
    0.00036257601025131003,
    0.0003154528940713111,
    0.0002710313725785885,
    0.0002294867572242107,
    0.00019098300562505252,
    0.00015567207449798505,
    0.00012369331995613634,
    9.517294753398059e-05,
    7.022351411174861e-05,
    4.8943483704846436e-05,
    3.1416838871369015e-05,
    1.7712749271311268e-05,
    7.88529868552223e-06,
    1.9732715717284396e-06,
    0.0
  ],
  "modelnet_acc": [
    0.4307131280388979,
    0.5020259319286872,
    0.5158022690437601,
    0.5235008103727715,
    0.6126418152350082,
    0.6422204213938412,
    0.6458670988654781,
    0.6414100486223663,
    0.6628849270664505,
    0.6438411669367909,
    0.666936790923825,
    0.6450567260940032,
    0.6620745542949756,
    0.6580226904376013,
    0.7143435980551054,
    0.7025931928687196,
    0.7115072933549432,
    0.7264991896272285,
    0.7183954619124797,
    0.7192058346839546,
    0.7508103727714749,
    0.7605348460291734,
    0.7479740680713128,
    0.7601296596434359,
    0.7495948136142626,
    0.7427066450567261,
    0.7354132901134521,
    0.7467585089141004,
    0.773095623987034,
    0.7512155591572123,
    0.7706645056726094,
    0.776742301458671,
    0.7856564019448946,
    0.779578606158833,
    0.7832252836304701,
    0.7880875202593193,
    0.7836304700162074,
    0.7986223662884927,
    0.7909238249594813,
    0.7986223662884927,
    0.7982171799027553,
    0.8014586709886548,
    0.8075364667747164,
    0.7994327390599676,
    0.8022690437601296,
    0.8042949756888168,
    0.8042949756888168,
    0.8026742301458671,
    0.8063209076175041,
    0.8063209076175041
  ],
  "scanobjectnn_acc": []
}