{
  "train_loss": [
    2.0914397442841315,
    1.687259839332175,
    1.54539767440802,
    1.4619847640327213,
    1.400252598671767,
    1.3549589776145425,
    1.318870790143381,
    1.286700394094077,
    1.2537050242372676,
    1.2307270396596974,
    1.2086128197751538,
    1.1908616788699682,
    1.1671815346967607,
    1.1470305773935143,
    1.1312171764117327,
    1.1178335993522301,
    1.1023997524539986,
    1.0877052444333637,
    1.076008844650782,
    1.0535800179783512,
    1.0417393780265751,
    1.041181519020204,
    1.025255006423684,
    1.0150013125378234,
    1.0007186060445858,
    0.9866526865341573,
    0.9750345078595608,
    0.9643164153921997,
    0.954644323412507,
    0.9442282120732358,
    0.9319134317350726,
    0.9248411135177877,
    0.9164732115140144,
    0.9097166320936988,
    0.8973575065807464,
    0.8900230224151257,
    0.8848502377372922,
    0.8759688319420591,
    0.8670504841177494,
    0.8598387876948383,
    0.8504831165987403,
    0.8496281822255343,
    0.8412468244739034,
    0.8390965281440287,
    0.8360937090766519,
    0.8331099687524466,
    0.8313966673322011,
    0.8280767706148794,
    0.8292970322659208,
    0.8247612691537589
  ],
  "val_acc": [
    0.343745588127333,
    0.35385802381987697,
    0.5129224809265921,
    0.43020191552922704,
    0.4678228361352843,
    0.5762264300114639,
    0.5278411048176238,
    0.5921856911322065,
    0.5671302074215463,
    0.5502596298827077,
    0.6059501691335505,
    0.6280723575353373,
    0.5425240994132562,
    0.6003547851523896,
    0.5778148453515097,
    0.5881873344665376,
    0.6240614358563128,
    0.612521529938615,
    0.6174972752274408,
    0.6451548461421174,
    0.6572041292304565,
    0.6442097877218642,
    0.6495221059527103,
    0.6576125627544769,
    0.6438013541978439,
    0.6746462031070878,
    0.6652227254502228,
    0.6580435850665523,
    0.6776006754047629,
    0.6819725941528922,
    0.6845251272031128,
    0.6820214424070612,
    0.6913439764173053,
    0.707720988937141,
    0.6860244580102666,
    0.7046702319303813,
    0.7068538618356779,
    0.7159863676664088,
    0.7100874468457581,
    0.7196330451380457,
    0.7151436646920302,
    0.724235934244038,
    0.7269871074492176,
    0.7280403096922843,
    0.7221492949474528,
    0.7233325239017614,
    0.7253703149441775,
    0.7261483575127485,
    0.7257755013299149,
    0.7270517678550251
  ],
  "lr": [
    0.0019980267284282717,
    0.001992114701314478,
    0.001982287250728689,
    0.001968583161128631,
    0.0019510565162951538,
    0.0019297764858882515,
    0.0019048270524660198,
    0.0018763066800438636,
    0.001844327925502015,
    0.0018090169943749473,
    0.001770513242775789,
    0.0017289686274214113,
    0.0016845471059286886,
    0.0016374239897486895,
    0.0015877852522924731,
    0.0015358267949789964,
    0.0014817536741017151,
    0.0014257792915650725,
    0.0013681245526846778,
    0.001309016994374947,
    0.0012486898871648543,
    0.0011873813145857244,
    0.001125333233564304,
    0.001062790519529313,
    0.0009999999999999996,
    0.0009372094804706863,
    0.0008746667664356955,
    0.0008126186854142751,
    0.0007513101128351449,
    0.0006909830056250527,
    0.0006318754473153221,
    0.0005742207084349271,
    0.0005182463258982844,
    0.0004641732050210029,
    0.00041221474770752675,
    0.00036257601025131003,
    0.0003154528940713111,
    0.0002710313725785885,
    0.0002294867572242107,
    0.00019098300562505252,
    0.00015567207449798505,
    0.00012369331995613634,
    9.517294753398059e-05,
    7.022351411174861e-05,
    4.8943483704846436e-05,
    3.1416838871369015e-05,
    1.7712749271311268e-05,
    7.88529868552223e-06,
    1.9732715717284396e-06,
    0.0
  ],
  "modelnet_acc": [
    0.3286061588330632,
    0.32374392220421394,
    0.5526742301458671,
    0.4436790923824959,
    0.5032414910858996,
    0.6207455429497569,
    0.5741491085899514,
    0.6272285251215559,
    0.6077795786061588,
    0.6081847649918962,
    0.6620745542949756,
    0.6819286871961102,
    0.5798217179902755,
    0.656807131280389,
    0.6260129659643436,
    0.6397893030794165,
    0.6843598055105349,
    0.6564019448946515,
    0.6677471636952999,
    0.7119124797406807,
    0.7123176661264181,
    0.6859805510534847,
    0.7046191247974068,
    0.6932739059967585,
    0.7050243111831442,
    0.7175850891410048,
    0.7273095623987034,
    0.7317666126418152,
    0.7398703403565641,
    0.7475688816855753,
    0.7491896272285251,
    0.7532414910858996,
    0.7520259319286872,
    0.7694489465153971,
    0.7556726094003241,
    0.7706645056726094,
    0.7670178282009724,
    0.7755267423014587,
    0.7783630470016207,
    0.7828200972447326,
    0.7759319286871961,
    0.7913290113452188,
    0.7957860615883307,
    0.7909238249594813,
    0.7888978930307942,
    0.793354943273906,
    0.7901134521880064,
    0.7937601296596435,
    0.7909238249594813,
    0.7917341977309562
  ],
  "scanobjectnn_acc": [
    0.3588850174216028,
    0.38397212543554005,
    0.47317073170731705,
    0.41672473867595816,
    0.432404181184669,
    0.5317073170731708,
    0.4815331010452962,
    0.5571428571428572,
    0.5264808362369338,
    0.49233449477351915,
    0.5498257839721254,
    0.5742160278745645,
    0.5052264808362369,
    0.5439024390243903,
    0.5296167247386759,
    0.5365853658536586,
    0.5637630662020906,
    0.5686411149825784,
    0.5672473867595819,
    0.578397212543554,
    0.6020905923344948,
    0.6024390243902439,
    0.5944250871080139,
    0.6219512195121951,
    0.5825783972125436,
    0.6317073170731707,
    0.6031358885017422,
    0.5843205574912892,
    0.6153310104529617,
    0.616376306620209,
    0.6198606271777003,
    0.610801393728223,
    0.6306620209059234,
    0.645993031358885,
    0.616376306620209,
    0.6386759581881533,
    0.6466898954703832,
    0.6564459930313589,
    0.6418118466898954,
    0.6564459930313589,
    0.6543554006968642,
    0.6571428571428571,
    0.6581881533101045,
    0.6651567944250871,
    0.6554006968641115,
    0.6533101045296167,
    0.6606271777003484,
    0.6585365853658537,
    0.6606271777003484,
    0.662369337979094
  ]
}