{
  "train_loss": [
    1.9390293703573251,
    1.6484780182235925,
    1.5691012396109785,
    1.4965403927845433,
    1.4639937336060147,
    1.4233214525563924,
    1.4026294923721596,
    1.3763365032041162,
    1.3547265745769816,
    1.335021295871274,
    1.3222386496109606,
    1.309876312273217,
    1.2983621564577374,
    1.269827490675729,
    1.2659586232819255,
    1.2587260552791186,
    1.247199697264183,
    1.2252037793470922,
    1.2224334973658053,
    1.2037098397314028,
    1.1977765336085084,
    1.1988628917446411,
    1.18282191324451,
    1.1725656016539727,
    1.1628727134308032,
    1.152603105352106,
    1.1455726870966407,
    1.1318375724864915,
    1.1235194366880343,
    1.1109771381360816,
    1.1083996459492278,
    1.104052894675402,
    1.0957464831752464,
    1.0940698591361815,
    1.0920721279978127,
    1.077097254113213,
    1.0682943855543674,
    1.0567781796687377,
    1.0477121577297928,
    1.0447571826932478,
    1.043164936528992,
    1.0345956905346296,
    1.0371919751876628,
    1.0276534888224456,
    1.0411667648753713,
    1.0240224318400855,
    1.0230370931872381,
    1.028319622988796,
    1.027965350630069,
    1.0184481317320193
  ],
  "val_acc": [
    0.313588850174216,
    0.5076655052264808,
    0.43588850174216026,
    0.5400696864111498,
    0.4815331010452962,
    0.5414634146341464,
    0.5038327526132405,
    0.5362369337979094,
    0.5247386759581881,
    0.5745644599303136,
    0.5672473867595819,
    0.5885017421602787,
    0.5794425087108014,
    0.5926829268292683,
    0.5672473867595819,
    0.5843205574912892,
    0.6017421602787456,
    0.5655052264808362,
    0.6,
    0.5986062717770034,
    0.5794425087108014,
    0.5926829268292683,
    0.5773519163763067,
    0.6261324041811847,
    0.6125435540069687,
    0.6292682926829268,
    0.6306620209059234,
    0.6313588850174217,
    0.6372822299651568,
    0.6250871080139373,
    0.6393728222996515,
    0.632404181184669,
    0.6278745644599303,
    0.6428571428571429,
    0.6487804878048781,
    0.6445993031358885,
    0.6445993031358885,
    0.654006968641115,
    0.6557491289198606,
    0.6470383275261324,
    0.6533101045296167,
    0.6574912891986062,
    0.659581881533101,
    0.6588850174216028,
    0.6567944250871081,
    0.6581881533101045,
    0.6571428571428571,
    0.6574912891986062,
    0.6616724738675959,
    0.6588850174216028
  ],
  "lr": [
    0.0019980267284282717,
    0.001992114701314478,
    0.001982287250728689,
    0.001968583161128631,
    0.0019510565162951538,
    0.0019297764858882515,
    0.0019048270524660198,
    0.0018763066800438636,
    0.001844327925502015,
    0.0018090169943749473,
    0.001770513242775789,
    0.0017289686274214113,
    0.0016845471059286886,
    0.0016374239897486895,
    0.0015877852522924731,
    0.0015358267949789964,
    0.0014817536741017151,
    0.0014257792915650725,
    0.0013681245526846778,
    0.001309016994374947,
    0.0012486898871648543,
    0.0011873813145857244,
    0.001125333233564304,
    0.001062790519529313,
    0.0009999999999999996,
    0.0009372094804706863,
    0.0008746667664356955,
    0.0008126186854142751,
    0.0007513101128351449,
    0.0006909830056250527,
    0.0006318754473153221,
    0.0005742207084349271,
    0.0005182463258982844,
    0.0004641732050210029,
    0.00041221474770752675,
    0.00036257601025131003,
    0.0003154528940713111,
    0.0002710313725785885,
    0.0002294867572242107,
    0.00019098300562505252,
    0.00015567207449798505,
    0.00012369331995613634,
    9.517294753398059e-05,
    7.022351411174861e-05,
    4.8943483704846436e-05,
    3.1416838871369015e-05,
    1.7712749271311268e-05,
    7.88529868552223e-06,
    1.9732715717284396e-06,
    0.0
  ],
  "modelnet_acc": [],
  "scanobjectnn_acc": [
    0.313588850174216,
    0.5076655052264808,
    0.43588850174216026,
    0.5400696864111498,
    0.4815331010452962,
    0.5414634146341464,
    0.5038327526132405,
    0.5362369337979094,
    0.5247386759581881,
    0.5745644599303136,
    0.5672473867595819,
    0.5885017421602787,
    0.5794425087108014,
    0.5926829268292683,
    0.5672473867595819,
    0.5843205574912892,
    0.6017421602787456,
    0.5655052264808362,
    0.6,
    0.5986062717770034,
    0.5794425087108014,
    0.5926829268292683,
    0.5773519163763067,
    0.6261324041811847,
    0.6125435540069687,
    0.6292682926829268,
    0.6306620209059234,
    0.6313588850174217,
    0.6372822299651568,
    0.6250871080139373,
    0.6393728222996515,
    0.632404181184669,
    0.6278745644599303,
    0.6428571428571429,
    0.6487804878048781,
    0.6445993031358885,
    0.6445993031358885,
    0.654006968641115,
    0.6557491289198606,
    0.6470383275261324,
    0.6533101045296167,
    0.6574912891986062,
    0.659581881533101,
    0.6588850174216028,
    0.6567944250871081,
    0.6581881533101045,
    0.6571428571428571,
    0.6574912891986062,
    0.6616724738675959,
    0.6588850174216028
  ]
}