{
  "train_loss": [
    1.9317248047594684,
    1.521926177399299,
    1.3973247267834408,
    1.3228990243792753,
    1.2723176399982563,
    1.23242169763478,
    1.2073957899002254,
    1.1766441925798998,
    1.1512137585424704,
    1.1358342776877561,
    1.1142659120121212,
    1.096224621614321,
    1.0721866295276141,
    1.0706540570205965,
    1.0471122625919767,
    1.0318604219246188,
    1.0302997521198294,
    1.019713081810719,
    1.0043472314939015,
    0.9939749802259031,
    0.9821643489668441,
    0.9724192610524963,
    0.9627107723403406,
    0.953680343057635,
    0.9432183746799282,
    0.930734594317385,
    0.9225415806385645,
    0.9093121705514342,
    0.9080027622898825,
    0.9020978454462782,
    0.8848162021372887,
    0.8820320493097472,
    0.8615909988848437,
    0.8607972766408059,
    0.8534057363822225,
    0.8496862060232048,
    0.8417810217841355,
    0.8351964521579573,
    0.8250969166082263,
    0.8212407570868026,
    0.8200782611605356,
    0.8144754520295834,
    0.8025613060275981,
    0.8111094405371886,
    0.7971924507933473,
    0.7991336365270881,
    0.7972072003327216,
    0.7919814221630659,
    0.8004199801869545,
    0.7921766322868835
  ],
  "val_acc": [
    0.4581472111317547,
    0.5385289898858702,
    0.526817409178954,
    0.5157494677516814,
    0.6016429107912288,
    0.5817241174842867,
    0.6233796779968263,
    0.5848765240372942,
    0.5944353932425641,
    0.6248064423223533,
    0.6287322325063954,
    0.6307549172967997,
    0.6115480943533678,
    0.6425132285590047,
    0.6634159047656696,
    0.6445305485122459,
    0.628958543926722,
    0.6787350561049024,
    0.6646472760745205,
    0.6638897045951242,
    0.6546357840285975,
    0.6878675619356333,
    0.6784433783791415,
    0.6527787032906217,
    0.689768126090615,
    0.6535383924688981,
    0.686011892996911,
    0.6730868708316627,
    0.6851943200492435,
    0.6956630938733559,
    0.7000105884944008,
    0.7130451662817161,
    0.7223479351024119,
    0.7130616843329813,
    0.7136206156574185,
    0.7202084945137481,
    0.7241712738382304,
    0.7259701884469643,
    0.7271573704391825,
    0.7262295359698214,
    0.726723806888451,
    0.7281703364035261,
    0.7261648755640138,
    0.7262862902998097,
    0.7313266959944431,
    0.7341141524404362,
    0.7304028145629917,
    0.7346368005240599,
    0.731828872988892,
    0.7289523320100069
  ],
  "lr": [
    0.0019980267284282717,
    0.001992114701314478,
    0.001982287250728689,
    0.001968583161128631,
    0.0019510565162951538,
    0.0019297764858882515,
    0.0019048270524660198,
    0.0018763066800438636,
    0.001844327925502015,
    0.0018090169943749473,
    0.001770513242775789,
    0.0017289686274214113,
    0.0016845471059286886,
    0.0016374239897486895,
    0.0015877852522924731,
    0.0015358267949789964,
    0.0014817536741017151,
    0.0014257792915650725,
    0.0013681245526846778,
    0.001309016994374947,
    0.0012486898871648543,
    0.0011873813145857244,
    0.001125333233564304,
    0.001062790519529313,
    0.0009999999999999996,
    0.0009372094804706863,
    0.0008746667664356955,
    0.0008126186854142751,
    0.0007513101128351449,
    0.0006909830056250527,
    0.0006318754473153221,
    0.0005742207084349271,
    0.0005182463258982844,
    0.0004641732050210029,
    0.00041221474770752675,
    0.00036257601025131003,
    0.0003154528940713111,
    0.0002710313725785885,
    0.0002294867572242107,
    0.00019098300562505252,
    0.00015567207449798505,
    0.00012369331995613634,
    9.517294753398059e-05,
    7.022351411174861e-05,
    4.8943483704846436e-05,
    3.1416838871369015e-05,
    1.7712749271311268e-05,
    7.88529868552223e-06,
    1.9732715717284396e-06,
    0.0
  ],
  "modelnet_acc": [
    0.48946515397082657,
    0.5725283630470016,
    0.5072933549432739,
    0.5283630470016207,
    0.6503241491085899,
    0.6146677471636953,
    0.6572123176661264,
    0.6223662884927067,
    0.6543760129659644,
    0.6726094003241491,
    0.6689627228525121,
    0.692868719611021,
    0.630064829821718,
    0.7115072933549432,
    0.7313614262560778,
    0.7029983792544571,
    0.6547811993517018,
    0.7386547811993517,
    0.7240680713128039,
    0.7256888168557536,
    0.720421393841167,
    0.747163695299838,
    0.7394651539708266,
    0.6839546191247974,
    0.7568881685575365,
    0.7346029173419774,
    0.7455429497568882,
    0.7301458670988655,
    0.7662074554294975,
    0.756482982171799,
    0.7613452188006483,
    0.7807941653160454,
    0.7917341977309562,
    0.7884927066450568,
    0.784035656401945,
    0.7860615883306321,
    0.7953808752025932,
    0.796191247974068,
    0.7982171799027553,
    0.7974068071312804,
    0.7970016207455429,
    0.8002431118314425,
    0.8014586709886548,
    0.7982171799027553,
    0.8055105348460292,
    0.8055105348460292,
    0.8022690437601296,
    0.8055105348460292,
    0.8002431118314425,
    0.8014586709886548
  ],
  "scanobjectnn_acc": [
    0.4268292682926829,
    0.5045296167247387,
    0.5463414634146342,
    0.5031358885017422,
    0.5529616724738676,
    0.5487804878048781,
    0.5895470383275261,
    0.5473867595818815,
    0.5344947735191637,
    0.5770034843205575,
    0.5885017421602787,
    0.5686411149825784,
    0.5930313588850175,
    0.5735191637630662,
    0.5954703832752614,
    0.5860627177700348,
    0.6031358885017422,
    0.6188153310104529,
    0.605226480836237,
    0.6020905923344948,
    0.5888501742160279,
    0.6285714285714286,
    0.6174216027874564,
    0.621602787456446,
    0.6226480836236934,
    0.5724738675958189,
    0.6264808362369338,
    0.61602787456446,
    0.6041811846689895,
    0.6348432055749129,
    0.6386759581881533,
    0.6452961672473868,
    0.6529616724738676,
    0.6376306620209059,
    0.643205574912892,
    0.6543554006968642,
    0.6529616724738676,
    0.6557491289198606,
    0.6560975609756098,
    0.6550522648083623,
    0.6564459930313589,
    0.6560975609756098,
    0.6508710801393728,
    0.6543554006968642,
    0.6571428571428571,
    0.6627177700348432,
    0.6585365853658537,
    0.6637630662020906,
    0.6634146341463415,
    0.6564459930313589
  ]
}