{
  "train_loss": [
    1.8572456776061799,
    1.4263581834342236,
    1.2988816502456195,
    1.2214260278806874,
    1.1656990656422983,
    1.1309694786075364,
    1.0959394786204433,
    1.068809810934963,
    1.0472966559901347,
    1.0190732873807051,
    1.0010807517048872,
    0.9833506267456683,
    0.9656835124341441,
    0.949646560383372,
    0.9313348244782322,
    0.9264912090922023,
    0.9112559114780958,
    0.8998329779906858,
    0.8842100343018928,
    0.8669810218438012,
    0.8598401905854685,
    0.8518105663744812,
    0.8444381328946327,
    0.8278654477956192,
    0.8149727742262067,
    0.8100814379061301,
    0.7962143500698262,
    0.7873711699934168,
    0.7788857391974434,
    0.7608984407049931,
    0.7537757747516629,
    0.7489691940942093,
    0.7306340082251837,
    0.7238131121790833,
    0.7188783486002306,
    0.7132857807275187,
    0.7091869132586356,
    0.6930901264725146,
    0.6953793180005113,
    0.686567535429421,
    0.6859256267704528,
    0.6825760556351208,
    0.6701451824958466,
    0.6620293903696055,
    0.6661850799767054,
    0.6629349566902576,
    0.6562450877853814,
    0.6578086012621748,
    0.6584211952830564,
    0.657019133073734
  ],
  "val_acc": [
    0.46670963242394636,
    0.5387362420162752,
    0.5675914422376453,
    0.5443592972628035,
    0.5641401577826846,
    0.6243570666199831,
    0.6110077987790761,
    0.6293809542633514,
    0.6475173510128248,
    0.6529668961311053,
    0.6709679013321738,
    0.6737970058561433,
    0.672832182246342,
    0.6921708672400454,
    0.6302341045522055,
    0.6861623907973278,
    0.6646393699987012,
    0.6982968053806493,
    0.6888607627104286,
    0.6974752793950723,
    0.6980176926682442,
    0.6887023588341927,
    0.6950488200181839,
    0.714495648834701,
    0.7135275780866167,
    0.702681995041761,
    0.7331744588573461,
    0.7222304734045257,
    0.7285676167134443,
    0.7231299307088926,
    0.7257313120132822,
    0.7307921887970905,
    0.7366587794148374,
    0.737262605955534,
    0.7365901659711203,
    0.7366469203011086,
    0.7300992777235019,
    0.7370276825597615,
    0.7370032584326769,
    0.7343616408495643,
    0.740370117292282,
    0.7451511754640585,
    0.7448839218653821,
    0.7426230665409224,
    0.7414035543458004,
    0.7428745079879602,
    0.7447743662433151,
    0.7423030116501674,
    0.7416463838173922,
    0.7417031381473806
  ],
  "lr": [
    0.0019980267284282717,
    0.001992114701314478,
    0.001982287250728689,
    0.001968583161128631,
    0.0019510565162951538,
    0.0019297764858882515,
    0.0019048270524660198,
    0.0018763066800438636,
    0.001844327925502015,
    0.0018090169943749473,
    0.001770513242775789,
    0.0017289686274214113,
    0.0016845471059286886,
    0.0016374239897486895,
    0.0015877852522924731,
    0.0015358267949789964,
    0.0014817536741017151,
    0.0014257792915650725,
    0.0013681245526846778,
    0.001309016994374947,
    0.0012486898871648543,
    0.0011873813145857244,
    0.001125333233564304,
    0.001062790519529313,
    0.0009999999999999996,
    0.0009372094804706863,
    0.0008746667664356955,
    0.0008126186854142751,
    0.0007513101128351449,
    0.0006909830056250527,
    0.0006318754473153221,
    0.0005742207084349271,
    0.0005182463258982844,
    0.0004641732050210029,
    0.00041221474770752675,
    0.00036257601025131003,
    0.0003154528940713111,
    0.0002710313725785885,
    0.0002294867572242107,
    0.00019098300562505252,
    0.00015567207449798505,
    0.00012369331995613634,
    9.517294753398059e-05,
    7.022351411174861e-05,
    4.8943483704846436e-05,
    3.1416838871369015e-05,
    1.7712749271311268e-05,
    7.88529868552223e-06,
    1.9732715717284396e-06,
    0.0
  ],
  "modelnet_acc": [
    0.5271474878444085,
    0.5879254457050244,
    0.5919773095623987,
    0.5761750405186385,
    0.6073743922204214,
    0.6811183144246353,
    0.6944894651539708,
    0.6807131280388979,
    0.723257698541329,
    0.7289303079416531,
    0.729740680713128,
    0.7576985413290114,
    0.7439222042139384,
    0.7613452188006483,
    0.6381685575364667,
    0.7601296596434359,
    0.7289303079416531,
    0.7617504051863857,
    0.7613452188006483,
    0.7848460291734197,
    0.7726904376012966,
    0.7516207455429498,
    0.7949756888168558,
    0.7816045380875203,
    0.7876823338735819,
    0.7970016207455429,
    0.8119935170178282,
    0.7925445705024311,
    0.8059157212317666,
    0.7929497568881686,
    0.8002431118314425,
    0.8128038897893031,
    0.8119935170178282,
    0.8156401944894651,
    0.8184764991896273,
    0.8192868719611021,
    0.8103727714748784,
    0.8172609400324149,
    0.8144246353322528,
    0.8140194489465153,
    0.8152350081037277,
    0.8213128038897893,
    0.8249594813614263,
    0.8225283630470016,
    0.8225283630470016,
    0.8286061588330632,
    0.8209076175040518,
    0.8229335494327391,
    0.8160453808752026,
    0.8168557536466775
  ],
  "scanobjectnn_acc": [
    0.4062717770034843,
    0.4895470383275261,
    0.543205574912892,
    0.5125435540069686,
    0.5209059233449478,
    0.567595818815331,
    0.5275261324041812,
    0.5780487804878048,
    0.5717770034843206,
    0.5770034843205575,
    0.6121951219512195,
    0.5898954703832753,
    0.6017421602787456,
    0.6229965156794425,
    0.6222996515679442,
    0.6121951219512195,
    0.6003484320557492,
    0.6348432055749129,
    0.616376306620209,
    0.6101045296167248,
    0.6233449477351917,
    0.6257839721254356,
    0.5951219512195122,
    0.6473867595818815,
    0.6393728222996515,
    0.608362369337979,
    0.6543554006968642,
    0.6519163763066202,
    0.651219512195122,
    0.6533101045296167,
    0.651219512195122,
    0.6487804878048781,
    0.6613240418118467,
    0.6588850174216028,
    0.6547038327526132,
    0.654006968641115,
    0.6498257839721254,
    0.6567944250871081,
    0.659581881533101,
    0.6547038327526132,
    0.6655052264808362,
    0.6689895470383276,
    0.6648083623693379,
    0.6627177700348432,
    0.6602787456445993,
    0.6571428571428571,
    0.6686411149825784,
    0.6616724738675959,
    0.6672473867595818,
    0.6665505226480837
  ]
}